track_name,artist_name,artist_pop,album,track_pop,danceability,energy,loudness,mode,key,speechiness,acousticness,instrumentalness,liveness,valence,tempo,time_signature,duration_ms
Say So,Doja Cat,88,Hot Pink,80,0.787,0.673,-4.583,0,11,0.159,0.264,3.35e-06,0.0904,0.779,110.962,4,237893
Blinding Lights,The Weeknd,93,After Hours,90,0.514,0.73,-5.934,1,1,0.0598,0.00146,9.54e-05,0.0897,0.334,171.005,4,200040
Supalonely (feat. Gus Dapperton),BENEE,67,Hey u x,63,0.862,0.631,-4.746,1,7,0.0515,0.291,0.000209,0.123,0.841,128.978,4,223488
Savage,Megan Thee Stallion,82,Suga,70,0.843,0.741,-5.609,1,11,0.334,0.0252,0,0.096,0.68,168.983,4,155497
Moral of the Story,Ashe,68,Moral of the Story,76,0.572,0.406,-8.624,1,10,0.0427,0.587,4.48e-06,0.102,0.265,119.812,4,201084
Rain On Me (with Ariana Grande),Lady Gaga,84,Rain On Me (with Ariana Grande),74,0.672,0.855,-3.764,1,9,0.0397,0.021,0,0.323,0.646,123.056,4,182200
Babylon,Lady Gaga,84,Chromatica,64,0.698,0.799,-4.372,1,2,0.0342,0.0129,5.46e-06,0.215,0.351,115.957,4,161733
Replay,Lady Gaga,84,Chromatica,66,0.658,0.878,-3.875,1,1,0.123,0.00792,0,0.944,0.683,122.015,4,186653
My Oh My (feat. DaBaby),Camila Cabello,82,Romance,75,0.724,0.491,-6.024,1,8,0.0296,0.018,1.29e-05,0.0887,0.383,105.046,4,170746
Physical,Dua Lipa,88,Future Nostalgia,75,0.647,0.844,-3.756,1,0,0.0457,0.0137,0.000658,0.102,0.746,146.967,4,193829
Glitter,BENEE,67,FIRE ON MARZZ,66,0.801,0.589,-5.157,1,7,0.0485,0.0863,0,0.162,0.58,116.934,4,180147
Put Your Records On,Ritt Momney,60,Put Your Records On,77,0.399,0.491,-10.778,0,6,0.0538,0.0563,0.00089,0.11,0.151,91.066,4,210463
Stuck with U (with Justin Bieber),Ariana Grande,87,Stuck with U,82,0.597,0.45,-6.658,1,8,0.0418,0.223,0,0.382,0.537,178.765,3,228482
Break My Heart,Dua Lipa,88,Future Nostalgia,78,0.73,0.729,-3.434,0,4,0.0884,0.167,1.39e-06,0.349,0.467,113.011,4,221820
Selfish,Madison Beer,71,Life Support,66,0.375,0.461,-6.202,1,9,0.0279,0.627,0,0.386,0.233,75.217,4,223270
LEMONS - Demo,Brye,48,LEMONS (Demo),57,0.501,0.168,-13.682,0,4,0.304,0.901,0,0.134,0.514,82.574,4,193208
The Less I Know The Better,Tame Impala,78,Currents,84,0.64,0.74,-4.083,1,4,0.0284,0.0115,0.00678,0.167,0.785,116.879,4,216320
Buttercup,Jack Stauber,62,Pop Food,72,0.705,0.373,-9.066,1,7,0.0384,0.723,0.81,0.289,0.551,120.046,4,208026
Dissolve,Absofacto,56,Thousand Peaces,68,0.688,0.582,-10.668,0,6,0.0542,0.23,0.000157,0.0663,0.872,85.486,4,224661
Sunday Best,Surfaces,71,Where the Light Is,77,0.878,0.525,-6.832,1,5,0.0578,0.183,0,0.0714,0.694,112.022,4,158571
Airplane Mode,Limbo,50,Holo,0,0.665,0.373,-10.631,1,7,0.158,0.852,0.118,0.108,0.07,119.905,4,164113
Chinese New Year,SALES,61,Chinese New Year,66,0.744,0.845,-7.422,0,4,0.253,0.759,0.232,0.1,0.749,75.221,4,160000
LMK,Lil Xxel,51,LMK,65,0.748,0.457,-7.56,1,6,0.0465,0.0292,0.000294,0.444,0.464,123.035,4,188293
Why Is Everything Chrome (Lean Swag Rock Wit It),King Critical,29,Why Is Everything Chrome (Lean Swag Rock Wit It),46,0.915,0.392,-11.548,1,7,0.475,0.112,0,0.0319,0.675,139.94,4,151018
Figure It Out,Blu DeTiger,51,Figure It Out,54,0.747,0.554,-6.154,0,8,0.289,0.493,0.000425,0.332,0.585,96.988,4,164318
They Call Me Tiago (Her Name Is Margo),Tiagz,47,They Call Me Tiago (Her Name Is Margo),57,0.878,0.578,-7.581,1,0,0.0722,0.196,0.433,0.0965,0.148,100.996,4,154455
My Heart Went Oops,Tiagz,47,My Heart Went Oops,51,0.96,0.412,-11.281,1,1,0.607,0.119,0,0.0903,0.49,121.027,4,128926
Muffins In The Freezer,Tiagz,47,Muffins In The Freezer,47,0.965,0.412,-8.696,1,0,0.434,0.0778,1.12e-06,0.0867,0.486,120.03,4,106016
Beggin',Madcon,61,Conquest,61,0.715,0.796,-4.889,0,4,0.0534,0.0284,0,0.0658,0.431,129.04,4,218707
Kolors,monte booker,47,Soulection White Label - Monte Booker,56,0.718,0.403,-11.064,0,2,0.205,0.263,1.56e-06,0.228,0.636,129.582,4,177856
Play Date,Melanie Martinez,78,Cry Baby (Deluxe Edition),78,0.68,0.729,-5.077,1,5,0.0475,0.612,0,0.224,0.446,123.97,4,179867
Ride It,Regard,71,Ride It,81,0.88,0.751,-4.258,0,7,0.0874,0.177,6.43e-05,0.106,0.884,117.948,4,157606
No Idea,Don Toliver,78,No Idea,2,0.651,0.631,-5.717,0,6,0.0896,0.519,0.000579,0.165,0.35,127.994,4,154424
Go Stupid (feat. NLE Choppa & Mike WiLL Made-It),Polo G,83,Go Stupid (feat. NLE Choppa & Mike WiLL Made-It),54,0.92,0.833,-3.18,1,1,0.253,0.0277,0,0.0596,0.645,141.034,4,165726
Cannibal,Kesha,76,Cannibal (Expanded Edition),66,0.71,0.68,-4.676,1,1,0.106,0.0078,0.0165,0.0493,0.571,129.971,4,194253
Lottery (Renegade),K CAMP,63,Wayy 2 Kritical,56,0.915,0.556,-8.601,1,1,0.216,0.0145,0.000179,0.0733,0.67,148.964,4,170947
Bad Boy,Yung Bae,57,Bad Boy,62,0.861,0.82,-4.807,0,1,0.0728,0.032,4.76e-06,0.0706,0.781,118.04,4,187571
Hard Times,Paramore,75,After Laughter,73,0.695,0.818,-5.379,0,5,0.0334,0.00647,4.87e-06,0.0219,0.916,119.965,4,182693
death bed (coffee for your head),Powfu,71,death bed (coffee for your head),82,0.726,0.431,-8.765,0,8,0.135,0.731,0,0.696,0.348,144.026,4,173333
Backyard Boy,Claire Rosinkranz,63,Backyard Boy (Stripped),70,0.817,0.635,-7.246,1,5,0.163,0.323,0,0.0738,0.454,138.015,4,129241
cardigan,Taylor Swift,93,folklore,79,0.613,0.581,-8.588,0,0,0.0424,0.537,0.000345,0.25,0.551,130.033,4,239560
Beef FloMix,Flo Milli,67,"Ho, why is you here ?",62,0.879,0.733,-3.953,0,11,0.142,0.216,0,0.274,0.913,117.039,4,147692
Psycho!,MASN,60,How To Kill A Rockstar,68,0.876,0.312,-10.17,1,7,0.0521,0.443,0,0.247,0.377,114.973,4,197217
Party Girl,StaySolidRocky,59,Party Girl,71,0.728,0.431,-9.966,0,6,0.0622,0.749,0,0.0996,0.629,130.022,4,147800
Electric Love,BØRNS,67,Dopamine,82,0.611,0.797,-7.627,0,6,0.0533,0.00543,0.00137,0.26,0.518,120.041,4,218107
Producer Man,Lyn Lapid,61,Producer Man,62,0.66,0.639,-5.364,0,10,0.223,0.129,0,0.256,0.75,173.994,4,141673
ily (i love you baby) (feat. Emilee),Surf Mesa,64,ily (i love you baby) (feat. Emilee),78,0.674,0.774,-7.567,0,11,0.0892,0.0686,0.00188,0.393,0.33,112.05,4,176547
Mariposa,Peach Tree Rascals,60,Mariposa,74,0.676,0.525,-5.88,1,9,0.028,0.617,0,0.356,0.421,112.011,4,210000
FML,Arizona Zervas,66,Living Facts,0,0.816,0.59,-5.961,0,2,0.121,0.0854,0,0.108,0.612,100.137,4,222961
Savage Love (Laxed - Siren Beat),Jawsh 685,63,Savage Love (Laxed - Siren Beat),77,0.767,0.481,-8.52,0,0,0.0803,0.234,0,0.269,0.761,150.076,4,171375
Stunnin',Curtis Waters,53,Stunnin',2,0.906,0.604,-8.332,0,11,0.0746,0.329,0,0.255,0.899,99.996,4,144013
Deep End,Fousheé,65,Deep End,68,0.711,0.592,-7.136,0,4,0.23,0.758,0,0.156,0.535,124.749,4,141224
Freak,Doja Cat,88,Freak,72,0.688,0.716,-5.702,1,7,0.0385,0.0969,0,0.0989,0.373,116.912,3,284480
Funny Thing,Thundercat,69,It Is What It Is,72,0.586,0.893,-8.772,1,7,0.439,0.827,0.642,0.212,0.65,140.023,3,116630
Money Trees,Kendrick Lamar,88,"good kid, m.A.A.d city",79,0.716,0.531,-7.355,1,7,0.122,0.0703,0,0.224,0.344,71.994,4,386907
Wait a Minute!,WILLOW,76,ARDIPITHECUS,86,0.764,0.705,-5.279,0,3,0.0278,0.0371,1.94e-05,0.0943,0.672,101.003,4,196520
Eyes Blue Like The Atlantic,Sista Prod,56,Eyes Blue Like The Atlantic,0,0.736,0.279,-16.926,0,9,0.903,0.65,0.000312,0.246,0.476,76.431,4,154550
Mood (feat. iann dior),24kGoldn,74,El Dorado,83,0.701,0.716,-3.671,0,7,0.0361,0.174,0,0.324,0.732,91.007,4,140533
Mad at Disney,salem ilese,66,Mad at Disney,72,0.738,0.621,-7.313,1,0,0.0486,0.424,7.39e-06,0.692,0.715,113.968,4,136839
Boss Bitch,Doja Cat,88,Boss Bitch,78,0.707,0.955,-4.593,0,10,0.222,0.127,0,0.202,0.575,125.989,4,134240
Falling,Trevor Daniel,66,Falling,15,0.785,0.431,-8.756,0,10,0.0364,0.123,0,0.0887,0.236,127.085,4,159382
Moon (And It Went Like),Kid Francescoli,56,Play Me Again,66,0.662,0.657,-10.002,1,7,0.0345,0.288,0.856,0.102,0.0584,117.986,4,390639
Just Fine,Mary J. Blige,70,Growing Pains,62,0.923,0.795,-3.61,0,11,0.117,0.0394,0.000565,0.101,0.588,123.021,4,242133
Smile,Lily Allen,67,"Alright, Still (Deluxe)",71,0.632,0.639,-5.938,1,5,0.0259,0.00143,0,0.221,0.733,95.506,4,196893
Bulletproof,La Roux,65,La Roux,71,0.674,0.882,-2.771,0,3,0.0477,0.000441,6.47e-05,0.068,0.682,123.016,4,205733
Heather,Conan Gray,81,Kid Krow,86,0.357,0.425,-7.301,1,5,0.0333,0.584,0,0.322,0.27,102.078,3,198040
Juicy,Doja Cat,88,Hot Pink,73,0.785,0.652,-2.607,1,0,0.0668,0.102,0,0.0697,0.484,170.024,4,203093
Blueberry Faygo,Lil Mosey,70,Certified Hitmaker,75,0.774,0.554,-7.909,1,0,0.0383,0.207,0,0.132,0.349,99.034,4,162547
American Boy,Estelle,65,Shine,78,0.727,0.729,-2.99,1,0,0.326,0.171,0,0.07,0.512,117.932,4,284733
Can't Stop Singing,Ross Lynch,62,Teen Beach Movie,60,0.513,0.69,-4.986,1,0,0.0341,0.51,0,0.102,0.777,96.881,4,145920
Like That (feat. Gucci Mane),Doja Cat,88,Hot Pink,46,0.874,0.487,-6.032,1,2,0.194,0.237,0,0.0978,0.371,106.052,4,163173
Gimme Love,Joji,85,Nectar,65,0.484,0.632,-6.917,1,5,0.0976,0.695,0.0243,0.209,0.0736,126.384,3,214558
Mine,Bazzi,72,COSMIC,24,0.719,0.803,-3.834,1,4,0.0795,0.0148,4e-06,0.29,0.712,142.966,4,133995
What They Want,Russ,77,There's Really A Wolf,72,0.71,0.404,-10.04,0,1,0.379,0.484,0,0.0953,0.398,139.553,4,165853
La La La,Naughty Boy,60,La La La,58,0.754,0.677,-4.399,0,6,0.0316,0.112,0,0.111,0.254,124.988,4,220779
ROXANNE,Arizona Zervas,66,ROXANNE,78,0.621,0.601,-5.616,0,6,0.148,0.0522,0,0.46,0.457,116.735,5,163636
Homage,Mild High Club,62,Skiptracing,0,0.546,0.468,-8.167,1,5,0.0287,0.153,0.00257,0.321,0.416,73.372,4,177493
Opaul,Freddie Dredd,72,Opaul,63,0.822,0.871,-4.095,1,1,0.214,0.00567,0.391,0.101,0.648,145.062,4,140527
"Part of Your World - From ""The Little Mermaid"" / Soundtrack Version",Jodi Benson,53,The Little Mermaid,60,0.387,0.132,-15.142,1,5,0.0386,0.914,0.000707,0.281,0.323,100.0,4,195493
Relationship (feat. Future),Young Thug,84,Beautiful Thugger Girls,69,0.842,0.597,-6.336,1,2,0.0627,0.00252,0,0.124,0.298,145.992,4,215307
Borderline,Tame Impala,78,The Slow Rush,78,0.621,0.873,-3.067,0,5,0.0369,0.0406,9.1e-06,0.0824,0.873,97.96,4,237800
Renee,SALES,61,Renee,65,0.924,0.386,-8.183,1,9,0.0548,0.755,0.00253,0.118,0.424,108.957,4,179125
Don't Start Now,Dua Lipa,88,Don't Start Now,79,0.794,0.793,-4.521,0,11,0.0842,0.0125,0,0.0952,0.677,123.941,4,183290
Freak (feat. REI AMI),Sub Urban,67,Thrill Seeker,69,0.619,0.45,-11.965,0,7,0.515,0.433,0,0.513,0.41,179.755,4,194000
Candy,Doja Cat,88,Amala,71,0.689,0.516,-5.857,1,8,0.0444,0.513,0,0.163,0.209,124.876,4,190920
Ophelia,The Lumineers,76,Cleopatra,77,0.664,0.573,-6.519,1,5,0.0277,0.613,0.000363,0.0857,0.566,76.023,4,160097
Violent Crimes,Kanye West,90,ye,0,0.665,0.417,-6.731,0,1,0.524,0.374,0,0.186,0.04,110.111,4,215320
Someone To You,BANNERS,65,Someone To You,0,0.511,0.93,-3.649,1,2,0.0441,0.0056,0,0.242,0.673,75.01,4,219813
Plastic Hearts,Miley Cyrus,81,Plastic Hearts,70,0.551,0.756,-4.948,1,2,0.0652,0.0511,0,0.0765,0.618,175.984,4,205733
Primadonna,MARINA,73,Electra Heart,50,0.66,0.689,-2.671,0,4,0.0337,0.0884,0,0.0922,0.427,127.98,4,221075
Check It Out,will.i.am,72,Pink Friday (Complete Edition),53,0.848,0.694,-4.272,1,1,0.0572,0.0493,1.15e-05,0.105,0.728,130.075,4,251013
Hood Baby,KBFR,36,Hood Baby,53,0.974,0.472,-11.848,0,11,0.447,0.0488,0.000157,0.116,0.806,126.065,4,110063
Shoota (feat. Lil Uzi Vert),Playboi Carti,82,Die Lit,79,0.673,0.649,-8.433,0,1,0.196,0.188,0,0.122,0.47,153.075,4,153800
I Just Want to Be the One You Love,Boxout,44,I Just Want to Be the One You Love,62,0.497,0.349,-8.749,0,9,0.0877,0.967,0.037,0.228,0.251,140.551,1,80842
Make You Mine,PUBLIC,61,Make You Mine,77,0.606,0.799,-4.452,1,9,0.0261,0.0128,0,0.15,0.638,103.014,4,232907
To Be So Lonely,Harry Styles,91,Fine Line,73,0.758,0.436,-7.269,1,0,0.0418,0.618,1.61e-05,0.335,0.605,104.959,4,192080
Hotel Room Service,Pitbull,82,Hotel Room Service,63,0.849,0.599,-8.164,1,6,0.227,0.00301,0.000249,0.0763,0.761,126.003,4,238507
M to the B,Millie B,40,M to the B,58,0.897,0.513,-6.973,0,10,0.309,0.571,0,0.101,0.692,139.935,4,137744
Say So (feat. Nicki Minaj),Doja Cat,88,Say So (feat. Nicki Minaj),65,0.856,0.641,-4.64,0,11,0.204,0.119,4.97e-06,0.427,0.745,111.004,4,206221
What's My Name?,Rihanna,87,Loud,54,0.69,0.786,-2.959,1,2,0.0692,0.229,0,0.0797,0.583,100.049,4,263173
Whatcha Say,Jason Derulo,80,Jason Derulo (Deluxe Audio),59,0.615,0.711,-5.507,1,11,0.0779,0.0444,0,0.145,0.711,144.036,4,221253
Hey Julie! (feat. Lil Yachty),KYLE,66,Hey Julie! (feat. Lil Yachty),51,0.801,0.505,-5.829,1,11,0.293,0.0446,9.52e-06,0.122,0.757,161.059,4,156443
Crush,Tessa Violet,56,Bad Ideas,65,0.91,0.402,-9.55,1,1,0.0857,0.0297,0.00018,0.0801,0.825,135.993,4,216267
Mr. Blue Sky,Electric Light Orchestra,70,Out of the Blue,80,0.388,0.338,-10.054,1,10,0.0329,0.652,3.73e-06,0.248,0.478,177.765,4,303373
Myron,Lil Uzi Vert,85,Eternal Atake (Deluxe) - LUV vs. The World 2,73,0.771,0.654,-6.976,0,8,0.298,0.055,0,0.214,0.573,155.047,4,224955
I'm Looking for Mrs. Bubblegum,Memetown,20,I'm Looking for Mrs. Bubblegum,29,0.977,0.39,-10.025,1,1,0.302,0.214,6.06e-06,0.058,0.962,124.036,4,281313
Partition,Beyoncé,89,BEYONCÉ [Platinum Edition],71,0.418,0.441,-11.522,0,11,0.283,0.029,0.0707,0.306,0.172,175.928,4,319467
Lets Link,WhoHeem,48,Lets Link,1,0.839,0.683,-9.232,0,10,0.165,0.00667,0,0.241,0.522,120.003,4,159955
Are You Bored Yet? (feat. Clairo),Wallows,71,Nothing Happens,79,0.682,0.683,-6.444,0,8,0.0287,0.156,2.32e-05,0.273,0.64,120.023,4,178000
Trampoline,SHAED,59,MELT,64,0.689,0.412,-7.523,0,7,0.0301,0.488,0.00016,0.0659,0.537,126.754,4,184060
Paper Planes,M.I.A.,67,Kala,77,0.447,0.848,-6.175,1,2,0.222,0.033,7.46e-05,0.65,0.485,172.253,4,205200
She Belongs to the Streets (Toxic),Rontae Don't Play,24,She Belongs to the Streets (Toxic),39,0.893,0.296,-15.774,1,1,0.907,0.00348,0,0.176,0.321,130.145,4,147697
OUT WEST (feat. Young Thug),JACKBOYS,65,JACKBOYS,77,0.802,0.591,-4.895,1,8,0.225,0.0104,0,0.196,0.309,139.864,4,157712
Breathe,Years & Years,70,Take Shelter,62,0.746,0.486,-7.004,1,10,0.0344,0.222,1.41e-06,0.123,0.417,92.057,4,233228
Yellow Hearts,Ant Saunders,52,Yellow Hearts,68,0.866,0.438,-8.943,1,7,0.0719,0.177,0,0.0743,0.695,129.039,4,223258
Needs,Verzache,61,Needs,68,0.813,0.601,-7.552,0,11,0.116,0.189,0.0002,0.426,0.855,118.981,4,177479
"Sofia the First Main Title Theme - From ""Sofia the First""",Cast - Sofia the First,44,Sofia the First,54,0.655,0.789,-3.995,1,4,0.0489,0.423,0,0.13,0.66,92.968,4,52867
Mi Pan Su Su Sum,Miel Pops,0,Mi Pan Su Su Sum,0,0.696,0.375,-7.543,1,3,0.493,0.27,0,0.269,0.688,101.073,4,351467
Wasabi,Little Mix,77,LM5 (Deluxe),66,0.847,0.656,-4.976,1,2,0.115,0.00451,0.000854,0.143,0.234,114.001,4,154787
CITY OF ANGELS,24kGoldn,74,DROPPED OUTTA COLLEGE,72,0.686,0.541,-4.993,0,0,0.0493,0.042,0,0.0675,0.724,120.082,4,112493
Rags to Riches,YoungBoy Never Broke Again,84,Until Death Call My Name (Reloaded),47,0.763,0.604,-5.754,1,1,0.114,0.0838,0,0.261,0.18,147.893,4,116757
Hatchback,Cochise,68,Hatchback,62,0.734,0.692,-6.227,0,2,0.0555,0.0221,0,0.224,0.348,77.994,4,149145
VIBEZ,DaBaby,82,KIRK,71,0.768,0.652,-2.708,0,1,0.307,0.113,0,0.107,0.777,154.187,4,144935
Obnimi (Remix),Okean Elzi,46,Obnimi (Remix),64,0.714,0.845,-4.234,0,7,0.0856,0.199,0.00762,0.372,0.51,75.985,4,229671
All About Cake (feat. Coi Leray & Kaash Paige),KyleYouMadeThat,37,All About Cake,30,0.905,0.521,-4.318,1,1,0.443,0.213,3.87e-05,0.175,0.533,131.115,4,179871
Lose Control,MEDUZA,74,Lose Control,78,0.598,0.526,-8.659,0,10,0.0415,0.129,0,0.14,0.529,123.935,4,168387
Coño,Puri,56,Coño,60,0.847,0.573,-6.032,1,0,0.253,0.00739,0.0149,0.0845,0.332,99.919,4,137595
Grow A Pear,Kesha,76,Cannibal (Expanded Edition),60,0.863,0.667,-3.891,1,0,0.0508,0.0154,0.000341,0.125,0.892,120.011,4,208867
Say So - Japanese Version,Rainych,51,Say So (Japanese Version),59,0.732,0.668,-6.768,1,2,0.0444,0.775,5.23e-06,0.224,0.705,111.001,4,242327
Photo ID,Remi Wolf,65,I'm Allergic To Dogs!,63,0.822,0.66,-3.637,1,1,0.0819,0.111,0,0.143,0.802,113.956,4,265263
TROLLZ (with Nicki Minaj),6ix9ine,71,TROLLZ (with Nicki Minaj),5,0.744,0.422,-8.946,1,1,0.294,0.0319,0.00011,0.11,0.493,180.006,4,202667
Working Bitch,Ashnikko,69,"Hi, It's Me",58,0.928,0.392,-7.537,0,3,0.0563,0.0374,0,0.107,0.454,102.023,4,177866
Like That (feat. Gucci Mane),Doja Cat,88,Hot Pink,75,0.879,0.498,-6.027,0,4,0.18,0.239,0,0.0967,0.405,106.044,4,163173
Rags2Riches 2 (feat. Lil Baby),Rod Wave,78,Pray 4 Love (Deluxe),4,0.874,0.443,-9.628,0,5,0.241,0.147,0,0.124,0.298,118.004,4,235988
Work Out,J. Cole,84,Cole World: The Sideline Story,80,0.831,0.427,-6.903,1,2,0.106,0.0531,0,0.307,0.216,93.004,4,235320
The Box,Roddy Ricch,80,Please Excuse Me for Being Antisocial,81,0.896,0.586,-6.687,0,10,0.0559,0.104,0,0.79,0.642,116.971,4,196653
Calabria 2008,Enur,51,Raggatronic,54,0.891,0.657,-5.552,0,10,0.165,0.00833,0.0026,0.054,0.453,125.995,4,230657
Lalala,Y2K,63,Lalala,75,0.843,0.39,-7.899,1,2,0.0846,0.178,0,0.137,0.495,129.972,4,160627
Ben 10 - Theme Song,Kids Superstars,42,"Cartoon Heroes, Vol. 5",33,0.738,0.799,-7.036,1,7,0.0556,0.249,0,0.35,0.882,142.094,4,61466
The Dice Beat Pt. 1,Ricky Desktop,55,The Dice Beat Pt. 1,34,0.946,0.269,-10.061,1,1,0.567,0.018,0.068,0.108,0.0999,125.95,4,100000
Crimewave,Crystal Castles,66,Crystal Castles,66,0.746,0.691,-7.533,0,4,0.0403,0.184,0.0259,0.205,0.888,119.982,4,258453
Mr. Sandman,The Chordettes,52,The Chordettes' Best,56,0.616,0.426,-8.399,1,9,0.0421,0.634,0,0.0695,0.589,110.395,4,143613
Toy,Netta,51,Toy,64,0.786,0.712,-5.349,0,3,0.0678,0.0706,0,0.236,0.795,130.144,4,180231
Tonight You Belong To Me,Patience & Prudence,39,The Best Of Patience & Prudence,52,0.68,0.32,-7.544,0,10,0.0289,0.954,0,0.0948,0.769,108.07,4,115227
It Won't Stop (feat. Chris Brown) - EP Version,Sevyn Streeter,60,"Call Me Crazy, But...",69,0.657,0.574,-9.484,0,1,0.0407,0.016,8.1e-05,0.172,0.211,119.992,4,281080
All I Want,Olivia Rodrigo,85,High School Musical: The Musical: The Series (Original Soundtrack),75,0.376,0.43,-6.585,0,0,0.0328,0.0902,0,0.0912,0.129,77.599,3,177323
Stronger,Kanye West,90,Graduation,20,0.617,0.717,-7.858,0,10,0.153,0.00564,0,0.408,0.49,103.992,4,311867
After Party,Don Toliver,78,Heaven Or Hell,80,0.629,0.692,-8.045,1,5,0.0376,0.00981,0.331,0.603,0.453,162.948,4,167916
"King's Dead (with Kendrick Lamar, Future & James Blake)",Jay Rock,70,"King's Dead (with Kendrick Lamar, Future & James Blake)",71,0.645,0.705,-5.008,1,1,0.299,0.000813,0,0.128,0.376,137.133,4,229670
Take It Off,Kesha,76,Animal (Expanded Edition),69,0.729,0.675,-5.292,0,5,0.0286,4.14e-05,0.00126,0.0867,0.74,125.036,4,215200
3 Musketeers,NextYoungin,47,3 Musketeers,65,0.91,0.617,-10.234,1,0,0.0847,0.258,0,0.122,0.572,104.972,4,166857
Heal Me,Lady Gaga,84,A Star Is Born Soundtrack,56,0.606,0.544,-8.36,0,9,0.0593,0.0481,0,0.0916,0.456,86.013,4,196800
Queen of Disaster,Scarlett Rose,40,Queen of Disaster,49,0.688,0.316,-15.548,0,9,0.0357,0.631,0,0.387,0.688,128.084,4,195631
Leave Em Alone,Quality Control,65,Leave Em Alone,59,0.517,0.747,-4.74,0,6,0.296,0.0189,7.35e-06,0.0821,0.506,102.033,4,171980
Hurts So Good,Astrid S,66,Astrid S,68,0.675,0.609,-5.027,0,7,0.0586,0.084,0,0.0957,0.378,120.039,4,208729
Confident,Justin Bieber,90,Journals,65,0.738,0.563,-5.467,0,5,0.11,0.113,0,0.191,0.876,134.132,4,248133
I'd Rather Sleep,Kero Kero Bonito,57,Intro Bonito,68,0.765,0.579,-7.051,1,10,0.0496,0.0107,0.362,0.15,0.855,142.065,4,115352
Coffee Breath,Sofia Mills,53,Coffee Breath,70,0.866,0.211,-12.676,0,11,0.0404,0.974,0,0.0987,0.198,101.295,4,163902
Ready or Not,Bridgit Mendler,62,Hello My Name Is...,73,0.715,0.872,-3.835,1,2,0.0509,0.00351,3.84e-05,0.107,0.748,93.043,4,200947
Toosie Slide,Drake,95,Toosie Slide,73,0.834,0.454,-9.75,0,1,0.201,0.321,6.15e-06,0.114,0.837,81.618,4,247059
Roses - Imanbek Remix,SAINt JHN,70,Roses (Imanbek Remix),81,0.77,0.724,-5.484,1,8,0.0495,0.0167,0.0107,0.353,0.898,121.975,4,176840
No Idea,Don Toliver,78,Heaven Or Hell,79,0.652,0.631,-5.718,0,6,0.0893,0.524,0.000579,0.165,0.35,127.998,4,154424
Go Crazy,Chris Brown,86,Slime & B,77,0.755,0.578,-8.932,0,0,0.145,0.316,0,0.25,0.581,94.148,4,176960
No Guidance (feat. Drake),Chris Brown,86,Indigo,79,0.696,0.454,-6.756,0,1,0.153,0.123,0,0.155,0.136,92.928,4,260640
Please Mr. Postman - Single Version / Mono,The Marvelettes,49,Please Mr. Postman,64,0.785,0.776,-5.259,1,2,0.0312,0.729,0,0.181,0.967,121.505,4,148040
Get Up (feat. Chamillionaire),Ciara,68,The Evolution,47,0.964,0.595,-6.887,0,1,0.109,0.0248,5.14e-06,0.0405,0.629,128.593,4,261880
Lay All Your Love On Me,ABBA,80,ABBA Gold,72,0.695,0.701,-6.435,1,0,0.0281,0.0187,0.0464,0.251,0.58,133.0,4,272507
Vibe (If I Back It Up),Cookiee Kawaii,53,Vibe (If I Back It Up),53,0.754,0.568,-8.719,1,10,0.344,0.0635,0.00932,0.118,0.175,159.947,4,83940
Something New (feat. Ty Dolla $ign),Wiz Khalifa,82,Rolling Papers 2,59,0.814,0.635,-6.609,0,7,0.0809,0.0935,0,0.0892,0.784,87.581,4,200774
Magic In The Hamptons (feat. Lil Yachty),Social House,64,Magic In The Hamptons (feat. Lil Yachty),75,0.769,0.479,-5.339,1,1,0.0385,0.66,0,0.0914,0.803,96.051,4,164640
Watermelon Sugar,Harry Styles,91,Watermelon Sugar,27,0.548,0.816,-4.209,1,0,0.0465,0.122,0,0.335,0.557,95.39,4,174000
Paradise,Coldplay,87,Mylo Xyloto,82,0.449,0.585,-6.761,1,5,0.0268,0.0509,8.75e-05,0.0833,0.212,139.631,4,278719
Cyber Sex,Doja Cat,88,Hot Pink,71,0.917,0.657,-5.716,1,8,0.0921,0.318,3.62e-06,0.0754,0.818,131.03,4,165733
We Know,Lin-Manuel Miranda,71,Hamilton (Original Broadway Cast Recording),60,0.718,0.484,-10.376,1,11,0.523,0.312,0,0.127,0.692,113.855,4,142044
All The Stars (with SZA),Kendrick Lamar,88,Black Panther The Album Music From And Inspired By,82,0.698,0.633,-4.946,1,8,0.0597,0.0605,0.000194,0.0926,0.552,96.924,4,232187
Because Of You,Ne-Yo,77,Because Of You,74,0.81,0.538,-5.784,0,0,0.0356,0.528,0,0.0951,0.828,109.97,4,266840
Chanel,Frank Ocean,82,Chanel,78,0.776,0.503,-5.732,0,0,0.237,0.874,0,0.112,0.473,110.134,4,210285
Round of Applause,K'ron,28,Round of Applause,44,0.42,0.656,-6.776,0,11,0.0678,0.494,0,0.36,0.448,110.457,4,346436
Daisy,Ashnikko,69,DEMIDEVIL,71,0.834,0.663,-6.143,1,8,0.133,0.235,0,0.372,0.774,121.876,4,146523
"More Than A Woman - From ""Saturday Night Fever"" Soundtrack",Bee Gees,75,Greatest,63,0.632,0.683,-6.434,1,7,0.0383,0.163,0.00013,0.847,0.701,105.955,4,197213
Won't Bite (feat. Smino),Doja Cat,88,Hot Pink,68,0.807,0.783,-3.115,1,5,0.0964,0.351,0,0.14,0.592,127.996,4,195213
Heads Will Roll - A-Trak Remix,Yeah Yeah Yeahs,64,Heads Will Roll,61,0.744,0.614,-3.908,0,1,0.0838,0.00685,0.334,0.0708,0.774,131.994,4,383547
Just Can’t Get Enough,Black Eyed Peas,80,The Beginning,76,0.659,0.628,-8.685,0,0,0.179,0.186,0,0.105,0.262,94.05,4,219427
Drugs,UPSAHL,61,Drugs,68,0.883,0.415,-8.571,0,6,0.174,0.35,0,0.063,0.318,76.986,4,155867
SUGAR,BROCKHAMPTON,68,GINGER,73,0.453,0.538,-8.212,1,1,0.0638,0.449,0,0.19,0.516,122.973,4,204533
Y U Gotta B Like That,Audrey Mika,56,Y U Gotta B Like That,58,0.732,0.413,-6.353,1,9,0.0702,0.287,0,0.0565,0.761,92.066,4,154456
Take Your Man,Mahogany Lox,37,Take Your Man,54,0.934,0.658,-8.052,1,0,0.108,0.411,0.000738,0.0809,0.344,110.015,4,117363
Save Your Tears,The Weeknd,93,After Hours,88,0.68,0.826,-5.487,1,0,0.0309,0.0212,1.24e-05,0.543,0.644,118.051,4,215627
Love Songs,Kaash Paige,61,R&B Smooth Vibes,1,0.64,0.355,-10.599,1,5,0.0906,0.83,0.000938,0.11,0.451,120.063,4,148640
GOOBA,6ix9ine,71,GOOBA,7,0.611,0.688,-5.688,1,1,0.341,0.0264,0,0.251,0.393,178.462,4,132303
Bored In The House,Tyga,79,Bored In The House,53,0.928,0.372,-10.393,1,1,0.321,0.0202,9.6e-06,0.0948,0.732,112.458,4,174933
Bound 2,Kanye West,90,Yeezus,83,0.367,0.665,-2.821,1,1,0.0465,0.145,0,0.113,0.31,148.913,4,229147
Still into You,Paramore,75,Paramore,79,0.602,0.923,-3.763,1,5,0.044,0.0098,0,0.0561,0.765,136.01,4,216013
Don't Wanna Fall In Love,KYLE,66,Smyle (Extended),0,0.487,0.617,-6.9,1,0,0.275,0.0151,0,0.356,0.604,132.088,4,232368
prom dress,mxmtoon,67,the masquerade,73,0.56,0.674,-6.048,1,10,0.0446,0.698,0,0.123,0.421,119.942,4,197933
fast,Sueco,65,fast,0,0.877,0.503,-10.269,0,7,0.22,0.164,0.0132,0.102,0.529,100.069,4,144000
High Fashion (feat. Mustard),Roddy Ricch,80,Please Excuse Me for Being Antisocial,73,0.831,0.499,-8.442,0,11,0.114,0.269,0,0.3,0.511,97.956,4,220487
Knock at the Door,Playsongs People,25,Playsongs Rhyme Time,12,0.604,0.151,-23.928,0,7,0.883,0.821,4.98e-05,0.0867,0.216,209.082,3,37632
Be My Baby,The Ronettes,56,Presenting the Fabulous Ronettes Featuring Veronica,65,0.512,0.771,-7.006,1,4,0.0402,0.168,0,0.0895,0.803,129.639,4,160907
Something For Your M.I.N.D.,Superorganism,52,Superorganism,58,0.698,0.542,-4.317,1,2,0.131,0.132,0.00117,0.199,0.664,140.096,4,165391
Mary Jane (All Night Long),Mary J. Blige,70,My Life,61,0.784,0.298,-9.56,0,5,0.0542,0.125,3.19e-05,0.0678,0.846,87.172,4,279240
Electric Feel,MGMT,74,Oracular Spectacular,77,0.763,0.803,-3.713,1,1,0.0351,0.0709,0.285,0.348,0.561,103.04,3,229640
Savage Remix (feat. Beyoncé),Megan Thee Stallion,82,Savage Remix (feat. Beyoncé),67,0.822,0.743,-4.772,0,10,0.28,0.016,0,0.127,0.636,84.459,4,242001
Dancing in My Room,347aidan,70,Dancing in My Room,75,0.98,0.413,-11.052,0,8,0.101,0.671,7.95e-05,0.17,0.764,119.993,4,180139
20 Min,Lil Uzi Vert,85,Luv Is Rage 2 (Deluxe),83,0.773,0.75,-4.009,0,8,0.117,0.109,0,0.174,0.783,123.426,4,220587
Throw That Back Like a Cadillac,El Memer,1,Throw That Back Like a Cadillac,0,0.894,0.627,-9.408,1,7,0.639,0.0758,0,0.108,0.383,139.91,4,118075
Gangsta,Kehlani,76,SweetSexySavage (Deluxe),56,0.465,0.446,-8.336,0,10,0.0433,0.102,0,0.321,0.131,121.801,4,177773
Monster,Lady Gaga,84,The Fame Monster (Deluxe Edition),61,0.694,0.801,-4.503,0,9,0.0441,0.00124,0,0.479,0.646,119.969,4,249280
My Ordinary Life,The Living Tombstone,69,My Ordinary Life,79,0.648,0.827,-4.78,0,9,0.042,0.00533,0.338,0.217,0.598,176.005,4,230895
Walked In,Ultradiox,29,Walked In,41,0.891,0.538,-6.724,1,2,0.394,0.123,0,0.0848,0.643,80.032,4,107404
Lemonade,Internet Money,72,"Lemonade (feat. Gunna, Don Toliver & NAV)",76,0.799,0.66,-6.153,0,1,0.079,0.256,0,0.111,0.471,140.04,4,195429
F2020,Avenue Beat,47,F2020,0,0.702,0.597,-7.067,1,2,0.207,0.587,3.62e-06,0.112,0.383,85.016,4,181852
Desperado,Rihanna,87,ANTI (Deluxe),72,0.685,0.61,-5.221,0,0,0.0439,0.323,0,0.102,0.323,94.384,3,186467
Tap In,Saweetie,73,Tap In,67,0.954,0.696,-7.117,0,10,0.204,0.00576,0.000498,0.0754,0.432,100.036,4,139413
Good Form (feat. Lil Wayne) - Remix,Nicki Minaj,85,Queen (Deluxe),64,0.898,0.733,-4.75,1,7,0.178,0.0533,0.000115,0.102,0.295,96.51,4,237493
Island In The Sun,Weezer,73,Weezer (Green Album),78,0.654,0.81,-6.26,0,4,0.0288,0.00719,0.00251,0.165,0.661,114.623,4,200307
Deep End Freestyle,Sleepy Hallow,77,Deep End Freestyle,64,0.876,0.479,-6.687,0,4,0.44,0.703,0,0.102,0.776,133.858,4,115200
Ramalama (Bang Bang),Róisín Murphy,52,Ruby Blue,52,0.822,0.655,-8.316,1,9,0.0363,0.205,0.000535,0.1,0.518,106.977,4,215387
Outside (feat. Ellie Goulding),Calvin Harris,86,Motion,78,0.646,0.823,-4.123,0,2,0.0394,0.213,0,0.322,0.418,128.035,4,227267
Only The Young - Featured in Miss Americana,Taylor Swift,93,Only The Young (Featured in Miss Americana),64,0.56,0.78,-4.895,0,5,0.0517,0.00244,0,0.0714,0.602,93.516,4,157507
Wet (She Got That…),YFN Lucci,58,Wet (She Got That…),56,0.695,0.642,-6.13,0,1,0.194,0.238,0,0.359,0.316,128.022,4,209848
Walk Man,Tiny Meat Gang,52,Walk Man,59,0.928,0.696,-4.972,0,4,0.0866,0.331,0.000119,0.121,0.396,94.994,4,165938
Marlboro Nights,Lonely God,59,Marlboro Nights,0,0.497,0.825,-6.772,1,2,0.278,0.00166,0.000284,0.361,0.812,87.943,4,68586
Aesthetic,Xilo,39,Aesthetic,2,0.714,0.594,-10.63,1,0,0.43,0.965,0.255,0.129,0.45,169.837,4,158436
Paris,Else,49,Paris,63,0.792,0.583,-8.305,0,8,0.027,0.023,0.582,0.0809,0.54,102.979,4,209709
Do It,Chloe x Halle,60,Ungodly Hour,67,0.725,0.668,-7.286,0,5,0.055,0.0932,2.33e-06,0.112,0.566,82.966,4,176787
Hello?,Clairo,75,diary 001,68,0.839,0.473,-7.835,0,10,0.0607,0.641,0.000459,0.0939,0.0644,98.732,4,135016
Yellow Hearts (feat. Audrey Mika),Ant Saunders,52,Yellow Hearts (feat. Audrey Mika),55,0.816,0.401,-8.041,1,7,0.22,0.464,0,0.0657,0.678,129.041,4,180672
Love Story (Taylor’s Version),Taylor Swift,93,Love Story (Taylor’s Version),73,0.626,0.79,-4.302,1,2,0.0311,0.135,3.97e-06,0.0989,0.416,119.082,4,235767
Another Day Of Sun,La La Land Cast,46,La La Land (Original Motion Picture Soundtrack),64,0.588,0.742,-6.757,1,8,0.0528,0.0162,3.98e-06,0.653,0.824,125.819,4,228173
iSpy (feat. Lil Yachty),KYLE,66,iSpy (feat. Lil Yachty),72,0.746,0.653,-6.745,1,7,0.289,0.378,0,0.229,0.672,75.016,4,253107
Vibin',Kesh Kesh,26,Vibin',41,0.686,0.805,-6.816,0,11,0.154,0.00478,1.09e-06,0.0887,0.289,130.981,4,154567
Hungry Hippo,Tierra Whack,58,Whack World,57,0.893,0.61,-5.691,0,4,0.0488,0.0227,0.00744,0.102,0.778,136.64,4,60000
Becky,Championxiii,39,Champion Status,46,0.934,0.439,-9.564,0,4,0.338,0.00506,0,0.092,0.289,140.022,4,118776
Kraazy,Likybo,43,Million Dollar Mindset,60,0.689,0.701,-9.477,0,6,0.237,0.314,0,0.123,0.37,94.982,4,151579
Kream (feat. Tyga),Iggy Azalea,69,Survive The Summer,66,0.785,0.425,-6.665,1,10,0.137,0.0335,4.36e-06,0.108,0.192,174.028,4,166627
Let Go,Ark Patrol,54,Let Go,70,0.47,0.436,-10.228,1,0,0.0351,0.67,0.263,0.294,0.0389,81.972,3,248056
Lost,Frank Ocean,82,channel ORANGE,84,0.913,0.603,-4.892,1,8,0.226,0.0272,0.000503,0.167,0.497,123.061,4,234093
Still Don't Know My Name,Labrinth,78,Euphoria (Original Score from the HBO Series),78,0.316,0.63,-5.963,1,5,0.117,0.471,0.262,0.205,0.313,89.643,1,153294
Disco Inferno,50 Cent,82,The Massacre,73,0.925,0.659,-4.763,1,3,0.231,0.206,7.88e-05,0.279,0.71,97.018,4,214227
Famous (I'm The One) (feat. Yo Gotti & DeJ Loaf),Mozzy,68,Gangland Landlord,56,0.432,0.612,-8.846,0,11,0.211,0.00185,0,0.308,0.253,88.716,4,205333
Marry Me,Rasheeda,40,Boss B*tch Music Vol. 3,41,0.769,0.637,-6.4,1,8,0.0572,0.0476,6.15e-05,0.35,0.361,79.016,4,234945
TKN (feat. Travis Scott),ROSALÍA,83,TKN (feat. Travis Scott),72,0.776,0.509,-6.266,0,0,0.467,0.192,1.49e-06,0.115,0.485,94.634,4,129371
Do It Again,Pia Mia,61,Do It Again,73,0.712,0.564,-6.527,1,8,0.047,0.0266,0,0.0874,0.411,95.95,4,207747
223's (feat. 9lokknine),YNW Melly,73,223's (feat. 9lokknine),65,0.932,0.547,-7.787,0,0,0.333,0.0388,0,0.0924,0.695,94.998,4,176640
VALENTINO,24kGoldn,74,DROPPED OUTTA COLLEGE,72,0.746,0.717,-4.841,0,9,0.179,0.199,0,0.132,0.523,150.964,4,179133
May I,Flo Milli,67,"Ho, why is you here ?",61,0.896,0.78,-3.547,1,1,0.202,0.0828,0,0.0857,0.85,106.032,4,163019
THICK (feat. Megan Thee Stallion) - Remix,DJ Chose,46,THICK (feat. Megan Thee Stallion) [Remix],52,0.877,0.747,-5.873,1,4,0.365,0.0288,0,0.273,0.679,145.162,4,205296
Rake It Up (feat. Nicki Minaj),Yo Gotti,69,I Still Am,67,0.91,0.444,-8.126,0,1,0.344,0.022,0,0.137,0.53,149.953,4,276333
Crisis,Jasiah,62,Crisis,59,0.76,0.794,-4.311,0,10,0.344,0.263,0.00324,0.0996,0.583,165.99,4,109595
Banana (feat. Shaggy) - DJ FLe - Minisiren Remix,Conkarah,53,Banana (feat. Shaggy) [DJ FLe - Minisiren Remix],65,0.824,0.854,-5.312,1,8,0.177,0.016,4.95e-05,0.117,0.896,95.114,4,210329
Rags2Riches 2 (feat. Lil Baby),Rod Wave,78,Pray 4 Love (Deluxe),71,0.874,0.443,-9.628,0,5,0.241,0.147,0,0.124,0.298,118.004,4,235988
Ponteme Despalda,Nfasis,54,Ponteme Despalda,6,0.78,0.766,-7.72,1,0,0.07,0.0181,0.00172,0.342,0.441,96.011,4,77049
When She Loved Me,Lyn Lapid,61,When She Loved Me,61,0.604,0.0458,-19.031,1,4,0.0762,0.973,0,0.0963,0.617,76.235,3,187709
Say It Right,Nelly Furtado,74,Loose,79,0.872,0.872,-6.328,1,1,0.139,0.0476,0.00112,0.0543,0.809,116.948,4,223080
To the Right,Devour,46,Different,38,0.946,0.671,-5.534,1,0,0.0724,0.204,0,0.178,0.731,100.013,4,164880
Let It Happen,Tame Impala,78,Currents,74,0.602,0.881,-5.875,0,1,0.0443,0.00462,0.0266,0.111,0.577,125.012,4,467587
"Lemonade (feat. Gunna, Don Toliver & NAV)",Internet Money,72,B4 The Storm,77,0.8,0.658,-6.142,0,1,0.079,0.25,0,0.111,0.462,140.042,4,195429
Let's Do It Again,J Boog,57,Backyard Boogie,65,0.631,0.696,-5.631,0,0,0.211,0.578,0,0.0784,0.927,173.537,4,192177
SLOW DANCING IN THE DARK,Joji,85,BALLADS 1,85,0.515,0.479,-7.458,1,3,0.0261,0.544,0.00598,0.191,0.284,88.964,4,209274
hate u love u,Olivia O'Brien,69,hate u love u,74,0.407,0.416,-8.915,0,6,0.174,0.656,0,0.0981,0.246,176.947,4,175467
Laxed – Siren Beat,Jawsh 685,63,Laxed (Siren Beat),54,0.736,0.62,-8.481,0,0,0.11,0.0577,0.692,0.318,0.959,150.026,4,201990
Get It Together,Drake,95,More Life,71,0.781,0.721,-9.133,0,5,0.0514,0.0945,0.391,0.104,0.849,123.011,4,250337
Pocketful of Sunshine,Natasha Bedingfield,64,Pocketful Of Sunshine,69,0.721,0.88,-3.896,0,9,0.0454,0.191,0,0.0769,0.655,110.021,4,202907
Always Forever,Cults,68,Static,80,0.174,0.742,-5.93,1,8,0.0485,0.00181,0.281,0.198,0.36,163.378,4,223747
Party Party Party (feat. Chris Brown & Dej Loaf),DJ Carisma,30,Party Party Party (feat. Chris Brown & Dej Loaf),47,0.601,0.602,-5.763,1,7,0.183,0.00376,3.34e-05,0.318,0.564,94.919,4,191340
Interior Crocodile Alligator,Chip Tha Ripper,45,Interior Crocodile Alligator,45,0.742,0.727,-6.914,1,1,0.487,0.0136,0,0.259,0.774,178.401,4,110253
One Wish,Ray J,55,Raydiation,63,0.525,0.652,-7.042,0,5,0.28,0.278,0,0.339,0.602,127.673,4,337640
Baby I'm Yours,Breakbot,57,By Your Side,69,0.829,0.792,-3.755,0,2,0.0668,0.726,5.83e-06,0.122,0.758,118.05,4,215507
Cha Cha,Freddie Dredd,72,Cha Cha,69,0.792,0.698,-6.364,1,1,0.172,0.489,0.0788,0.127,0.751,129.971,4,173938
Go Go Go Who's Next?,Hip Hop Harry,21,Go Go Go Who's Next?,35,0.95,0.738,-9.504,0,10,0.323,0.113,0.000209,0.112,0.568,104.998,4,188735
No Role Modelz,J. Cole,84,2014 Forest Hills Drive,87,0.69,0.521,-8.492,0,10,0.339,0.324,0,0.0534,0.494,100.028,4,292799
Addison Rae,The Kid LAROI,83,Addison Rae,59,0.901,0.49,-9.099,0,5,0.129,0.0155,0,0.109,0.397,135.015,4,163574
WHATS POPPIN,Jack Harlow,84,Sweet Action,77,0.923,0.604,-6.671,0,11,0.245,0.017,0,0.272,0.826,145.062,4,139741
Cheryl,Yung Gravy,75,Cheryl,62,0.801,0.698,-8.998,0,0,0.33,0.0477,1.46e-06,0.184,0.502,76.5,4,169020
Ultralight Beam,Kanye West,90,The Life Of Pablo,70,0.592,0.403,-8.768,0,0,0.414,0.62,0,0.54,0.391,105.169,4,320680
Mr. Clean,Yung Gravy,75,Snow Cougar,72,0.758,0.701,-6.053,1,9,0.162,0.685,6.22e-06,0.114,0.626,106.74,4,211150
feel something,Bea Miller,68,feel something,71,0.74,0.415,-8.914,1,0,0.0707,0.242,0.000156,0.319,0.156,136.029,4,180161
Rodeo,Lil Nas X,81,7 EP,68,0.706,0.679,-5.614,1,9,0.0324,0.139,6.98e-05,0.465,0.657,140.081,4,158707
Then Leave (feat. Queendom Come),BeatKing,49,Then Leave (feat. Queendom Come),57,0.912,0.568,-6.107,1,2,0.476,0.0656,0.000105,0.0521,0.491,140.968,4,151520
I Wanna Love You,Akon,79,Konvicted (Complete Edition),64,0.863,0.501,-8.753,0,9,0.0433,0.0164,0,0.272,0.357,99.994,4,246765
Everybody Talks,Neon Trees,66,Picture Show,79,0.471,0.924,-3.906,1,8,0.0586,0.00301,0,0.313,0.725,154.961,4,177280
Can't Leave 'Em Alone (feat. 50 Cent),Ciara,68,The Evolution,61,0.527,0.696,-6.015,0,1,0.361,0.209,0,0.0516,0.499,100.614,4,244760
Moment 4 Life,Nicki Minaj,85,Pink Friday (Complete Edition),52,0.68,0.881,-3.883,1,11,0.237,0.406,0,0.242,0.386,97.941,4,279307
We R Who We R,Kesha,76,Cannibal (Expanded Edition),72,0.736,0.817,-4.9,1,8,0.0407,0.00987,0.00167,0.117,0.653,119.95,4,204760
Give Your Heart a Break,Demi Lovato,79,Unbroken,70,0.651,0.695,-3.218,1,6,0.0487,0.23,0,0.144,0.569,123.008,4,205347
Lucky,Britney Spears,78,Oops!... I Did It Again,66,0.765,0.791,-5.707,1,8,0.0317,0.262,0.000154,0.0669,0.966,95.026,4,206227
Buttons,The Pussycat Dolls,68,PCD,65,0.57,0.821,-4.38,1,2,0.267,0.178,0,0.289,0.408,210.857,4,225560
Get Busy,Sean Paul,79,Dutty Rock,74,0.735,0.824,-4.143,0,10,0.036,0.615,0,0.158,0.726,100.202,4,211666
ROCKSTAR (feat. Roddy Ricch),DaBaby,82,BLAME IT ON BABY,80,0.746,0.69,-7.956,1,11,0.164,0.247,0,0.101,0.497,89.977,4,181733
Who Says,Selena Gomez & The Scene,67,When The Sun Goes Down,76,0.682,0.927,-2.915,1,4,0.0479,0.0843,0,0.149,0.744,101.019,4,195613
Crystal Dolphin,Engelwood,50,Crust FM,60,0.558,0.776,-6.868,1,9,0.179,0.33,0.000445,0.41,0.247,128.064,4,114660
